timeOpen;timeClose;timeHigh;timeLow;priceOpen;priceHigh;priceLow;priceClose;volume
1722096000000;1722182399999;1722162660000;1722114660000;3247,5073053514;3283,15214244475;3201,76329361836;3271,46463647088;8959236445,64
1722009600000;1722095999999;1722059220000;1722083160000;3275,89170931144;3327,42649431675;3195,35673822033;3247,6079817268;15198233287,39
1721923200000;1722009599999;1722007500000;1721925360000;3174,05105188359;3285,76093020004;3172,777172982;3275,95142438077;15993893520,76
1721836800000;1721923199999;1721838300000;1721909640000;3336,36230908029;3341,438455905;3088,76449009836;3174,42731536364;25293745810,03
1721750400000;1721836799999;1721751120000;1721826780000;3482,15195922852;3487,65305679734;3304,03921319536;3336,33942374008;16040945448,27
1721664000000;1721750399999;1721698560000;1721725320000;3440,76842033073;3539,5317352124;3395,42089233305;3481,99595397665;24468405649,9
1721577600000;1721663999999;1721580540000;1721661180000;3536,62717249245;3560,07550544518;3425,79574678299;3440,41989246904;18723199034,02
1721491200000;1721577599999;1721570760000;1721556780000;3519,42655692118;3546,6192375618;3415,44378899754;3536,60543969978;13845913681,14
1721404800000;1721491199999;1721468940000;1721411700000;3505,72133606542;3539,9042918012;3482,48890831916;3519,29534408424;10360198324,58
1721318400000;1721404799999;1721388240000;1721348880000;3425,9088098776;3540,58834641578;3377,87757497693;3505,73484096788;17705629736,48
1721232000000;1721318399999;1721280000000;1721289840000;3388,03006764921;3488,71565478908;3374,99042989838;3426,2585906447;15035622003,12
1721145600000;1721231999999;1721150280000;1721205780000;3446,73671877728;3516,10420951608;3379,0995251717;3388,75237310715;16739123961,79
1721059200000;1721145599999;1721059740000;1721090040000;3486,1440726541;3498,21905301266;3351,77968279936;3443,51350178729;20446664416,01
1720972800000;1721059199999;1721058180000;1720973460000;3246,13169768761;3494,09827614787;3235,776147546;3489,55268661546;18305490389,61
1720886400000;1720972799999;1720970700000;1720896180000;3176,74145490245;3266,48765633208;3166,43107006712;3244,07909224443;10517709665,73
1720800000000;1720886399999;1720883940000;1720817280000;3134,55063061979;3199,98953918802;3115,08029912524;3177,1986392641;8565105946,01
1720713600000;1720799999999;1720776360000;1720750860000;3099,99001514832;3154,60159677943;3048,50811892921;3134,15866283983;12751638330,58
1720627200000;1720713599999;1720673520000;1720639320000;3101,33525323205;3208,93850142623;3057,21924968764;3100,33075311373;15230095765,86
1720540800000;1720627199999;1720599300000;1720544760000;3066,13726783502;3148,40756049387;3026,60840391905;3102,21879443137;14578679176,16
1720454400000;1720540799999;1720485900000;1720456320000;3018,8033141636;3105,80043853751;3005,52230637501;3064,03288364559;15269945821,81
1720368000000;1720454399999;1720400580000;1720372920000;2929,86164063661;3090,66454126842;2826,48171853511;3018,73203231619;22627377457,03
1720281600000;1720367999999;1720290000000;1720367460000;3067,40514404208;3072,81439085783;2923,95914300974;2929,38723167146;10857947538,02
1720195200000;1720281599999;1720271160000;1720203000000;2981,98810312705;3080,10750524987;2957,39570942675;3069,37792828484;11586293704,83
1720108800000;1720195199999;1720111860000;1720141920000;3057,83316702561;3106,15261956672;2826,01440790717;2981,59869635167;31131942647,17
1720022400000;1720108799999;1720024980000;1720108740000;3291,81776027772;3309,20363191961;3054,52196448498;3054,52196448498;20252514385,5
1719936000000;1720022399999;1719938880000;1720011600000;3416,25488338375;3426,33218628435;3254,52114855554;3292,91678720793;16121324439,66
1719849600000;1719935999999;1719865980000;1719902580000;3439,38135646102;3459,7613822098;3399,02610877343;3416,35472789493;9421757717,69
1719763200000;1719849599999;1719770460000;1719844020000;3432,60748082132;3513,31081999989;3425,32314767442;3440,34162472377;12281551838,73
1719676800000;1719763199999;1719757800000;1719687180000;3373,07563441513;3453,21152103874;3352,28451779319;3432,88908957554;8396416013,34
1719590400000;1719676799999;1719618360000;1719672960000;3373,69001283492;3401,73020938545;3369,55284922352;3372,96786199294;6584792001,49
1719504000000;1719590399999;1719511080000;1719585240000;3445,49877997982;3482,95758864761;3363,43760116727;3373,63593980661;12861158844,41
1719417600000;1719503999999;1719468900000;1719419340000;3368,88614767501;3470,92314448148;3362,2646578114;3444,80053788629;11771834016,42
1719331200000;1719417599999;1719339480000;1719393060000;3394,37337386176;3421,50943786874;3328,39072398895;3369,47720023832;11694054195,35
1719244800000;1719331199999;1719300120000;1719250560000;3350,55561123457;3422,21342362888;3335,55677107375;3395,02900486405;13235546062,82
1719158400000;1719244799999;1719160980000;1719219240000;3418,78314184117;3430,69900033747;3244,241470421;3350,25635103002;23137744903,39
1719072000000;1719158399999;1719087540000;1719148860000;3494,95393421884;3519,32493676426;3408,58299196991;3418,61187725909;9418141332,84
1718985600000;1719071999999;1718985660000;1719015780000;3516,55116812638;3519,49745281364;3477,16991238816;3494,8133879808;7423703673,29
1718899200000;1718985599999;1718972400000;1718931480000;3511,26837005741;3542,95723885665;3447,9356117014;3516,07556198593;15933353455,85
1718812800000;1718899199999;1718852940000;1718870940000;3559,34730958533;3623,88653299731;3485,46002393553;3511,08692336335;16115123752,71
1718726400000;1718812799999;1718741640000;1718727840000;3482,3507206099;3583,31997328495;3466,48100533085;3559,34730958533;15275373777,7
1718640000000;1718726399999;1718640120000;1718646360000;3510,5652011549;3514,17713678942;3371,5903388381;3483,68135415974;21022514455,21
1718553600000;1718639999999;1718556000000;1718612460000;3622,38356652225;3634,28532824477;3468,1489746787;3511,37901710598;17838856987,87
1718467200000;1718553599999;1718547060000;1718482980000;3566,7618996857;3648,09289807225;3541,53438045352;3620,56344649324;9878388157,61
1718380800000;1718467199999;1718436060000;1718388240000;3479,78561701873;3589,88739656538;3473,45274655996;3565,54950565408;12733651076,32
1718294400000;1718380799999;1718318880000;1718359860000;3467,9700789665;3528,60222739958;3366,22381542228;3480,27191811146;15793876595,6
1718208000000;1718294399999;1718208000000;1718265840000;3559,72531930773;3559,72531930773;3431,33346159395;3469,28125087017;14472382154,39
1718121600000;1718207999999;1718168880000;1718127780000;3497,89690240219;3652,49227700841;3463,78498825868;3559,61764524729;17142905350,79
1718035200000;1718121599999;1718036400000;1718098140000;3666,35877542047;3669,89091482569;3434,74892744035;3498,33054979671;19184721538,17
1717948800000;1718035199999;1718006100000;1717977600000;3705,87729361406;3711,42869701559;3648,16463087459;3666,71752174845;10377300126,33
1717862400000;1717948799999;1717941120000;1717873200000;3680,93600106531;3719,36776368128;3668,12363821745;3705,90380442499;7910768788,46
1717776000000;1717862399999;1717804800000;1717824780000;3677,40032404973;3707,49727815826;3669,63787111887;3680,94989874279;9096091805,12
1717689600000;1717775999999;1717733040000;1717755300000;3811,66610347558;3838,45202774796;3615,28033672927;3678,62912234633;18220286186,1
1717603200000;1717689599999;1717612320000;1717675380000;3864,26332647552;3878,05226878443;3761,77528398447;3811,60585131453;13606583872,52
1717516800000;1717603199999;1717588920000;1717537500000;3812,56080588871;3887,48593606562;3778,65569038907;3864,26094796998;15480034433,97
1717430400000;1717516799999;1717492740000;1717431660000;3766,47620999458;3831,36503487545;3738,13433734771;3812,51590935964;13331489270,76
1717344000000;1717430399999;1717393860000;1717405980000;3780,85435820295;3848,60292772237;3758,91992066604;3766,38915693698;14082454300,19
1717257600000;1717343999999;1717261440000;1717322760000;3813,27571441859;3834,91185064256;3752,41459197843;3780,89588834163;11126903059,46
1717171200000;1717257599999;1717252080000;1717172760000;3759,88431648117;3829,29473657547;3749,8400407537;3813,19886634476;8661024535,04
1717084800000;1717171199999;1717130340000;1717143540000;3746,86160759854;3843,85758921768;3723,8351968874;3760,02668642622;15290700646,46
1716998400000;1717084799999;1717061880000;1717028700000;3763,35754568414;3823,64339552814;3702,26355493336;3746,84972044017;15065849796,65
1716912000000;1716998399999;1716928080000;1716984660000;3840,23509776176;3880,64838388456;3742,0412308946;3763,19645749289;17411416735,59
1716825600000;1716911999999;1716862680000;1716893580000;3892,09691334985;3924,89564582812;3771,21389705669;3840,25643213094;19846044323,95
1716739200000;1716825599999;1716796080000;1716739500000;3826,127215448;3973,55643757287;3821,93038952179;3892,00673370733;18949181813,45
1716652800000;1716739199999;1716713400000;1716662820000;3749,17990314889;3879,47075968075;3732,02285526497;3825,89755229585;14650794791,3
1716566400000;1716652799999;1716583740000;1716570000000;3726,97569602472;3776,00647064664;3710,52834409358;3749,23657125463;10000027763,62
1716480000000;1716566399999;1716482880000;1716510480000;3776,99230966174;3825,12262668634;3631,99031040649;3726,93455068636;22257061429,03
1716393600000;1716479999999;1716438360000;1716465660000;3737,17837116973;3943,55387731737;3552,64268878741;3776,92729795927;45623656317,06
1716307200000;1716393599999;1716319500000;1716353640000;3789,37274506945;3810,94838958189;3655,07523103474;3737,21786762923;25155809460,99
1716220800000;1716307199999;1716280320000;1716240840000;3663,01132733442;3837,37276512912;3628,09651526138;3789,31282126466;37643853966,74
1716134400000;1716220799999;1716219000000;1716140040000;3071,85880045398;3690,80578801416;3050,29782047659;3663,8555706363;31228143947,79
1716048000000;1716134399999;1716058200000;1716125700000;3122,82466889084;3137,14840106234;3056,75431739603;3071,84294930395;8747800800,03
1715961600000;1716047999999;1716004200000;1715966580000;3094,55336061113;3146,79058771768;3087,70438913594;3122,94906205482;9407051320,37
1715875200000;1715961599999;1715932920000;1715880360000;2945,13707912049;3120,30172358374;2934,11249733257;3094,11876061358;14449438097,3
1715788800000;1715875199999;1715789520000;1715868720000;3036,0142297058;3041,80709949596;2925,08736525788;2945,13106610544;13035465175,78
1715702400000;1715788799999;1715788020000;1715705700000;2881,22463430248;3041,60231508212;2864,73544527746;3037,05664489589;14666902956,29
1715616000000;1715702399999;1715622060000;1715679600000;2949,21317613829;2959,54655545617;2863,54584193292;2881,15805250157;12444516140,08
1715529600000;1715615999999;1715563680000;1715541360000;2928,81405055678;2994,86921257411;2865,13448067887;2949,35956136357;13352264795,07
1715443200000;1715529599999;1715502120000;1715470500000;2911,6582202981;2953,04746552713;2902,20195064939;2928,70201289669;5908941395,24
1715356800000;1715443199999;1715412000000;1715397480000;2909,8455099469;2942,17866392608;2888,08336857972;2911,60205620269;6795916454,2
1715270400000;1715356799999;1715295840000;1715334720000;3036,23125794813;3052,72945860056;2881,00063361261;2909,79114718099;12278653601,04
1715184000000;1715270399999;1715266140000;1715223900000;2973,97168306467;3057,95836144765;2951,22395951253;3036,02058320586;10861947178,55
1715097600000;1715183999999;1715111160000;1715172360000;3006,31571498297;3037,19601590198;2938,47276081893;2973,6572439316;11791662157,83
1715011200000;1715097599999;1715044860000;1715097480000;3062,75095014045;3129,08128963644;3003,01361615862;3006,57711412324;11743187337,02
1714924800000;1715011199999;1714955280000;1714994220000;3137,51014270557;3220,152341996;3048,23861395928;3062,72867485721;13008587254,71
1714838400000;1714924799999;1714870260000;1714851060000;3117,63687183954;3170,05511942994;3075,58616883482;3137,24891847832;8783447638,67
1714752000000;1714838399999;1714791720000;1714759680000;3103,61957203785;3167,54114548967;3096,26760401844;3117,57653078707;8283229638,23
1714665600000;1714751999999;1714740660000;1714704240000;2988,13462270319;3127,15537263296;2960,18219091948;3103,5421091631;12862183229,23
1714579200000;1714665599999;1714657260000;1714585140000;2969,7943398876;3015,05037042291;2894,32978065621;2988,16850749573;13163903902,94
1714492800000;1714579199999;1714493520000;1714522920000;3011,01566482573;3020,17345755422;2815,9232415551;2969,78478706427;20005057444,9
1714406400000;1714492799999;1714409700000;1714478400000;3215,38118345701;3249,37848540734;2918,22886925337;3012,28674374952;18266894652,6
1714320000000;1714406399999;1714325820000;1714369860000;3262,34089743168;3285,46863461238;3116,19993556187;3215,42896971462;15032246815,83
1714233600000;1714319999999;1714301280000;1714234380000;3252,24558461703;3351,17653597356;3249,1492057664;3262,77474171451;11379192677,61
1714147200000;1714233599999;1714212300000;1714151940000;3129,72700153002;3279,45126610878;3071,33998820447;3252,16817564196;11820785576,93
1714060800000;1714147199999;1714112040000;1714116900000;3156,38413146887;3166,18861512384;3103,10409174623;3130,16471118464;10622333862,32
1713974400000;1714060799999;1714052160000;1714012320000;3139,62433215177;3190,97619800579;3074,80462290108;3156,50954196282;13989030260,49
1713888000000;1713974399999;1713931860000;1713956580000;3219,95697172449;3292,92174636079;3105,98210877417;3139,80526895279;14000234759,59
1713801600000;1713887999999;1713854040000;1713831180000;3201,58858767784;3264,41944133359;3154,58974332761;3219,91154123411;11054442653,07
1713715200000;1713801599999;1713739680000;1713722940000;3147,66359018643;3236,65914360833;3131,36749313327;3201,65205676264;12063858732,96
1713628800000;1713715199999;1713640140000;1713688860000;3157,57100801982;3197,5064023833;3119,55210808167;3147,28847427444;9394387894,31
1713542400000;1713628799999;1713615120000;1713546240000;3059,47794799536;3170,67280028247;3021,78483791765;3157,62720427778;9918642130,05
1713456000000;1713542399999;1713481560000;1713465780000;3065,95309264364;3127,1150463702;2868,79582601074;3059,27845497593;20399982866,88
1713369600000;1713455999999;1713423660000;1713371940000;2984,70544260668;3094,8420765586;2956,12750821997;3066,02762996637;15183777035,31
1713283200000;1713369599999;1713300900000;1713341280000;3084,92348911875;3123,6697722327;2918,55359213164;2984,72762795158;17711869374,77
1713196800000;1713283199999;1713224280000;1713214020000;3101,14057233935;3127,16099035319;2997,75475444659;3084,92016496554;19441391169,24
1713110400000;1713196799999;1713150360000;1713179280000;3156,83017265366;3277,5616257879;3026,5388522769;3101,60044611248;21925843181,29
1713024000000;1713110399999;1713108180000;1713025620000;3005,5476404634;3174,66660435205;2914,4228067827;3156,94196718032;25486284993,68
1712937600000;1713023999999;1712977860000;1713010200000;3242,94092917352;3299,66385799797;2862,39366448654;3004,90044452318;29930408174,43
1712851200000;1712937599999;1712868840000;1712918220000;3505,32973571144;3552,58899051115;3103,43008306733;3243,03495521571;22104869556,28
1712764800000;1712851199999;1712796660000;1712824800000;3543,45218818955;3616,19423700005;3477,17121733025;3505,2478538631;14076734488,78
1712678400000;1712764799999;1712759160000;1712724000000;3505,15603559706;3561,51626853331;3415,18033582121;3543,73713339786;16872482725,98
1712592000000;1712678399999;1712600940000;1712653980000;3695,34184140002;3724,92247137926;3455,10759678663;3505,16335529028;18279773833,41
1712505600000;1712591999999;1712588520000;1712517120000;3453,49871718468;3727,6165574482;3409,51180026804;3695,29284360905;19055143128,58
1712419200000;1712505599999;1712504820000;1712421060000;3354,21376845383;3458,50823534316;3346,11471741267;3453,49456943849;9931108525,52
1712332800000;1712419199999;1712416200000;1712342280000;3318,86478573421;3397,59253468825;3308,98328885003;3354,18386305738;8956926797,94
1712246400000;1712332799999;1712316960000;1712289900000;3330,0058288832;3345,66646515034;3214,24407653826;3318,88516908465;15214447091,66
1712160000000;1712246399999;1712225100000;1712175840000;3311,49537300261;3443,20746868445;3253,31923477331;3330,04059437622;14476330516,95
1712073600000;1712159999999;1712133240000;1712076000000;3277,32433048672;3368,11158761768;3205,64911689764;3311,44178325673;16010734587,12
1711987200000;1712073599999;1711987620000;1712045100000;3504,81832987417;3506,9628507527;3215,98512697934;3277,23469887093;22076539151
1711900800000;1711987199999;1711900800000;1711964280000;3647,81970152503;3648,12922636386;3418,69529888981;3505,0300386444;16002098681,21
1711814400000;1711900799999;1711882200000;1711814460000;3507,95154800106;3655,2189960386;3507,24278133772;3647,85638027493;10499881424,22
1711728000000;1711814399999;1711771260000;1711742520000;3511,82762151457;3566,08455168915;3489,90200069725;3507,94436288192;9389066783,02
1711641600000;1711727999999;1711647660000;1711705980000;3561,01181518065;3583,70143915383;3475,72547200446;3511,80616634412;12712701619,31
1711555200000;1711641599999;1711608720000;1711565160000;3500,21613861971;3609,70527018977;3465,33235414619;3561,29405842361;16419674157,26
1711468800000;1711555199999;1711517460000;1711537260000;3587,31361786161;3664,38298704956;3460,39364657773;3500,11522419913;18753082144,63
1711382400000;1711468799999;1711409400000;1711442700000;3591,08520675379;3678,78981140463;3545,42873624143;3587,50500170259;18505553576,56
1711296000000;1711382399999;1711359180000;1711298520000;3454,88566369294;3657,1189175491;3421,79049660767;3590,88377292404;18603921704,65
1711209600000;1711295999999;1711293660000;1711226460000;3336,66610184683;3470,34448002491;3301,27723752599;3454,63646756777;12156660941,14
1711123200000;1711209599999;1711183680000;1711136280000;3335,5924585125;3433,75815717703;3273,11538576102;3336,59407842004;13242137554,47
1711036800000;1711123199999;1711059060000;1711114680000;3492,89795356024;3541,89828673217;3254,96928038553;3333,68799095646;20574952329,43
1710950400000;1711036799999;1710983340000;1711017900000;3514,01747975569;3586,90491533816;3412,22270438048;3492,99133152292;22213647921,92
1710864000000;1710950399999;1710949320000;1710883500000;3158,39684354676;3534,82644565855;3059,65489992211;3513,39303228525;36605316330,75
1710777600000;1710863999999;1710778860000;1710861960000;3518,34763130484;3546,58225201383;3149,2867688416;3157,61817897073;34166976701,14
1710691200000;1710777599999;1710691200000;1710753000000;3642,29888445182;3642,49698552272;3456,09119677795;3517,98512972729;21162220223,79
1710604800000;1710691199999;1710686520000;1710631380000;3523,02984049101;3676,26352680443;3414,17238145138;3642,41300621629;19938757095,26
1710518400000;1710604799999;1710522600000;1710602340000;3736,10490534573;3780,89449495554;3468,0793035993;3522,8601999489;20199855931,51
1710432000000;1710518399999;1710434160000;1710465300000;3882,85681897447;3928,77557387889;3571,77469796876;3735,2202545607;33505075433,33
1710345600000;1710431999999;1710347100000;1710416640000;4005,74518736607;4011,10276984235;3721,78867222469;3883,14035592222;25434810822,75
1710259200000;1710345599999;1710289860000;1710309480000;3980,26515098518;4083,0072485423;3936,62718859155;4006,45695190539;22028114690,77
1710172800000;1710259199999;1710174060000;1710235380000;4066,69035339768;4092,28414235371;3831,88985653314;3980,27324385205;26917010932,18
1710086400000;1710172799999;1710152580000;1710089580000;3881,2377350386;4087,04996978523;3745,12524724305;4066,44499014179;28806262506,99
1710000000000;1710086399999;1710032340000;1710082680000;3915,59061039614;3968,72375119922;3800,56441718869;3881,19318925737;15783924355,16
1709913600000;1709999999999;1709939280000;1709975640000;3892,11924589421;3950,39644822369;3880,65902771997;3915,41886665157;11926623779,52
1709827200000;1709913599999;1709883060000;1709885700000;3874,83082195577;3998,82629703908;3828,36336176644;3892,06113942255;26135487051,07
1709740800000;1709827199999;1709815860000;1709763060000;3818,31105452236;3939,59399695205;3738,68530285088;3874,34770170998;22457177586,62
1709654400000;1709740799999;1709698080000;1709664900000;3554,06782152215;3901,43432093766;3502,80246947946;3819,22631276578;34938642613,49
1709568000000;1709654399999;1709622300000;1709639880000;3631,92893980506;3828,15959837959;3224,11944359071;3554,9646483227;47706899136,72
1709481600000;1709567999999;1709566920000;1709484600000;3489,34008529702;3641,45921876641;3446,01749600252;3630,4338191612;26772963830,12
1709395200000;1709481599999;1709475660000;1709422080000;3422,87522785554;3491,16852449575;3372,21412754782;3490,99363650719;13643324466,84
1709308800000;1709395199999;1709311140000;1709361720000;3436,1591270651;3459,74740949135;3398,89899055319;3422,04992145882;12024340617,03
1709222400000;1709308799999;1709299080000;1709222700000;3341,96579665109;3452,62625899858;3341,85105687691;3435,05392919713;16880101986,53
1709136000000;1709222399999;1709177820000;1709217900000;3386,8026685869;3518,96914333874;3303,90536645009;3341,91960335182;28469171094,48
1709049600000;1709135999999;1709111760000;1709112720000;3243,89319060603;3485,45084656212;3201,57592168154;3385,70396973722;32885894264,55
1708963200000;1709049599999;1709009700000;1708965780000;3178,40496682401;3287,95805236225;3167,83053865887;3244,51924650313;21090315368,02
1708876800000;1708963199999;1708949340000;1708912680000;3112,52902118093;3197,37504685328;3037,95454683468;3178,99369360585;17504464351,23
1708790400000;1708876799999;1708863600000;1708791840000;2992,36671510312;3117,42902513638;2984,39299464864;3112,69735299156;14620450463,8
1708704000000;1708790399999;1708767960000;1708710840000;2921,96298375633;3003,19517835177;2907,70062617229;2992,38609573172;10701688842,28
1708617600000;1708703999999;1708620840000;1708676520000;2970,1395572875;2991,32953543916;2906,58375017232;2921,65830936056;12822717058,56
1708531200000;1708617599999;1708605120000;1708538100000;2969,5997887807;3030,66597511403;2907,10933460795;2971,00732753645;18058908246,15
1708444800000;1708531199999;1708445160000;1708497360000;3015,65327482388;3017,19039498035;2875,41838063465;2970,35558172767;18897136866,62
1708358400000;1708444799999;1708442220000;1708393740000;2944,10654800018;3031,52446680264;2879,90341814414;3013,5036000099;20341598470,02
1708272000000;1708358399999;1708352100000;1708277880000;2881,2969827349;2983,37055142996;2860,26366818315;2943,57480065634;15163110588,63
1708185600000;1708271999999;1708267200000;1708195620000;2786,70972359582;2892,84358181574;2767,91315276636;2878,99815518923;23355830478,13
1708099200000;1708185599999;1708100340000;1708151820000;2803,73572374701;2805,12860030686;2724,38707635404;2786,6726715802;17932379942,82
1708012800000;1708099199999;1708018020000;1708084560000;2825,48063997633;2858,45033147929;2760,33101427694;2803,69141320818;17057114638,17
1707926400000;1708012799999;1707981000000;1707947760000;2777,60143343466;2865,8454515264;2764,01048384769;2824,37894229133;23734481936,55
1707840000000;1707926399999;1707919020000;1707847320000;2641,68538481216;2786,89359030927;2621,0252783547;2777,90224581098;21448973821,6
1707753600000;1707839999999;1707797280000;1707815640000;2659,58621888778;2686,45504527619;2599,16935341293;2642,18530420702;18271237043,62
1707667200000;1707753599999;1707749220000;1707702720000;2507,57891076536;2663,84274646762;2473,81195286038;2658,11602127682;13022696865,94
1707580800000;1707667199999;1707610800000;1707581760000;2501,12992056583;2537,67913335594;2495,21442429002;2507,57057054767;7347245813,2
1707494400000;1707580799999;1707571680000;1707533640000;2487,65034027953;2516,71963852731;2475,85763648151;2501,2283097031;6474444159,47
1707408000000;1707494399999;1707474780000;1707408960000;2419,77368369783;2522,72458037549;2419,3628051407;2487,51566548634;13634203177,48
1707321600000;1707407999999;1707377940000;1707347580000;2424,08013608814;2459,55674500869;2414,74957674123;2419,90652250288;9941841732,12
1707235200000;1707321599999;1707310260000;1707274680000;2372,26271422323;2442,63632421077;2353,70612522158;2423,74505396748;9660628536,26
1707148800000;1707235199999;1707222180000;1707149220000;2298,95516360635;2389,8262434396;2296,78860832526;2372,20180479053;9520885492,97
1707062400000;1707148799999;1707111540000;1707066840000;2289,20544778961;2334,67670043433;2270,06794909574;2298,88890495776;7277068110,42
1706976000000;1707062399999;1707020700000;1707045060000;2296,11694037481;2309,01134359978;2272,30494839249;2289,54612101565;5438100034,9
1706889600000;1706975999999;1706894700000;1706944260000;2307,98018952569;2327,34685134168;2293,53818065457;2296,03822134138;4647754020,93
1706803200000;1706889599999;1706847480000;1706853780000;2303,70598438352;2323,05348679637;2282,23012643092;2308,03807040939;7186143091,25
1706716800000;1706803199999;1706779980000;1706724060000;2282,17530106721;2309,84247840492;2243,57181965584;2303,82482230214;8895583112,69
1706630400000;1706716799999;1706630520000;1706707800000;2343,55886804397;2349,61120735991;2264,44358116894;2282,54454238851;10807883277,42
1706544000000;1706630399999;1706621520000;1706591820000;2317,43572580061;2388,87055589526;2298,28204003294;2344,49369776573;10173440062,1
1706457600000;1706543999999;1706538960000;1706511360000;2256,9952487754;2320,02736509704;2237,71155130998;2317,06411991787;8948195551,16
1706371200000;1706457599999;1706389260000;1706452800000;2268,19279985891;2306,89872365245;2242,6837191554;2257,20883413123;7296214994,2
1706284800000;1706371199999;1706288520000;1706317080000;2267,31924173405;2282,54451663862;2252,38533650866;2267,88607776497;5144367229,53
1706198400000;1706284799999;1706259240000;1706227140000;2217,44181272601;2280,38374707193;2196,14006442352;2267,19979945583;9975117607,46
1706112000000;1706198399999;1706152440000;1706173740000;2233,96987105602;2240,38089372117;2173,68648320324;2217,7102754507;9302247036,65
1706025600000;1706111999999;1706064600000;1706100960000;2241,74987193771;2261,38456972998;2197,65678016074;2233,5617665404;10134722959,77
1705939200000;1706025599999;1705955160000;1705991040000;2310,951589518;2348,03128164854;2167,28251156711;2240,68593953593;16182147521,1
1705852800000;1705939199999;1705856820000;1705934820000;2454,9874059847;2463,44723817079;2303,50269787533;2310,82640154159;13923771728,14
1705766400000;1705852799999;1705804320000;1705852680000;2469,79859240037;2479,7604880657;2452,37758146142;2453,91309764756;4578471954,64
1705680000000;1705766399999;1705680000000;1705747500000;2489,84767588712;2489,84767588712;2456,09568740598;2469,58912273401;5297826161,27
1705593600000;1705679999999;1705666440000;1705653900000;2468,68886607865;2501,30512621576;2414,71090385582;2489,49862269395;11405278375,68
1705507200000;1705593599999;1705540320000;1705581420000;2528,59314567765;2546,26400594781;2426,13556415526;2467,01884662596;11900028080,34
1705420800000;1705507199999;1705426140000;1705501560000;2587,04465773853;2592,73701226216;2508,43294384887;2528,36940550312;10441017520,49
1705334400000;1705420799999;1705412340000;1705387500000;2510,62731247224;2613,56691877002;2500,00396627824;2587,69111473289;11063317094,53
1705248000000;1705334399999;1705315500000;1705248120000;2471,66687096517;2550,76913643144;2470,820758126;2511,36369677143;9700629999,51
1705161600000;1705247999999;1705161660000;1705247820000;2578,00374001763;2578,33237761593;2470,4243233868;2472,24127546303;9405587417,21
1705075200000;1705161599999;1705159200000;1705079760000;2522,93380616125;2589,0798502892;2498,59446615849;2576,5979052662;12250316866,58
1704988800000;1705075199999;1705043520000;1705069740000;2619,17696701117;2710,42194122469;2460,92550693642;2524,4601481181;23623839262,54
1704902400000;1704988799999;1704957180000;1704910260000;2584,17151255409;2687,77901850983;2567,99376116751;2619,61907768512;22575246883,35
1704816000000;1704902399999;1704900120000;1704816120000;2344,92358910549;2626,97671306601;2341,94306926181;2582,10352829082;29042100476,35
1704729600000;1704815999999;1704810000000;1704776220000;2332,8681013669;2369,64163860349;2243,21935166616;2344,82715862951;14891130715,61
1704643200000;1704729599999;1704715260000;1704655680000;2222,85769130702;2358,81576282773;2171,99368258626;2333,03274608596;13830287094,7
1704556800000;1704643199999;1704605460000;1704638220000;2242,0126967215;2257,12800561191;2211,56260994268;2222,86588849021;6490053615,23
1704470400000;1704556799999;1704471300000;1704495480000;2269,53991675331;2271,35949189702;2219,78207198638;2241,62471006435;5970741680,09
1704384000000;1704470399999;1704467700000;1704445800000;2269,40933854587;2276,76464354159;2209,53700497774;2268,64722666906;10860953289,88
1704297600000;1704383999999;1704367320000;1704302760000;2210,52914772886;2294,6082497572;2204,86571285208;2269,03818297743;11044564896,05
1704211200000;1704297599999;1704246000000;1704255060000;2355,98134821227;2385,11778913785;2113,92534932586;2210,76189152702;19332933580,96
1704124800000;1704211199999;1704156720000;1704125040000;2352,59360408693;2431,2123754129;2348,89238866374;2355,83647461712;12910543630,45
1704038400000;1704124799999;1704124740000;1704054120000;2282,87033824319;2352,32794066503;2267,01797126477;2352,32794066503;6906765990,38
1703952000000;1704038399999;1703997240000;1704034380000;2291,94523730891;2318,51283726574;2261,39417749994;2281,47130169358;6871481744
1703865600000;1703951999999;1703924340000;1703900700000;2300,39976664618;2322,02138752955;2270,01189011656;2292,06533483521;6888195426,56
1703779200000;1703865599999;1703832180000;1703859660000;2346,84375939066;2386,00453960217;2262,97580226746;2300,69076839641;12536968996,15
1703692800000;1703779199999;1703697360000;1703772240000;2380,20058934391;2445,01753927064;2338,70391846023;2347,56606602671;15660799060,21
1703606400000;1703692799999;1703690280000;1703619180000;2231,39314058944;2392,60870708537;2215,14031964227;2378,74011027165;14161342927,24
1703520000000;1703606399999;1703529900000;1703583600000;2272,21882279159;2274,55726150417;2180,22546338972;2231,46533586275;10668581463,59
1703433600000;1703519999999;1703480580000;1703436240000;2265,34058041051;2303,55110731887;2254,57456137043;2272,56166721748;8036302656,28
1703347200000;1703433599999;1703356020000;1703429460000;2309,62664150762;2325,7050798756;2249,98440899801;2265,69214270112;9450799235,72
1703260800000;1703347199999;1703261640000;1703275860000;2326,71586955287;2332,07191532902;2270,42887231759;2309,04637480059;7995772944,94
1703174400000;1703260799999;1703240640000;1703183400000;2239,59825211812;2341,94740731931;2233,53266228692;2326,52495739284;16137246309,76
1703088000000;1703174399999;1703132580000;1703092440000;2201,79007662464;2278,12156830252;2184,85667862446;2239,54241332119;12616530536,39
1703001600000;1703087999999;1703054100000;1703074140000;2177,23951575665;2263,32921838719;2161,21868507363;2201,91145640158;12652290806,57
1702915200000;1703001599999;1702945020000;1702979940000;2218,24100678919;2253,34886070283;2139,72329494915;2177,87261066787;10619179628,95
1702828800000;1702915199999;1702912020000;1702866960000;2195,34172310006;2222,01925444079;2120,12746918572;2217,27334891383;10366536489,75
1702742400000;1702828799999;1702817400000;1702827480000;2226,89247813122;2244,366451126;2195,76178945292;2196,48115907305;7410453853,39
1702656000000;1702742399999;1702716300000;1702658340000;2220,41557233835;2260,80972383469;2213,5508467626;2226,92651980744;6866555429,62
1702569600000;1702655999999;1702570800000;1702654140000;2316,11042260898;2316,89293926025;2214,26315795249;2219,33731000107;10259157898,15
1702483200000;1702569599999;1702567080000;1702531860000;2260,7359881357;2331,60153379991;2239,36616804822;2316,57900726112;12608711052,34
1702396800000;1702483199999;1702477020000;1702422060000;2202,60034815995;2283,09924246143;2150,75428527828;2260,64876811314;12576395493,06
1702310400000;1702396799999;1702318800000;1702373700000;2224,39099299393;2242,55124790371;2166,77009920922;2202,03796849595;11391132227,58
1702224000000;1702310399999;1702224600000;1702294920000;2352,49667794518;2354,91400956545;2160,3581019847;2224,57878466318;17989249470,29
1702137600000;1702223999999;1702213020000;1702173600000;2341,44016940906;2376,74985821699;2323,40570802892;2352,46275560823;7369608904,74
1702051200000;1702137599999;1702081560000;1702136100000;2358,68600983962;2401,76042584084;2331,66600341504;2341,17523323926;10613312822,78
1701273600000;1701359999999;1701359400000;1701304920000;2029,35834036327;2054,44423023314;2022,46184576567;2052,55607583092;8107789162,87
1701187200000;1701273599999;1701220860000;1701247020000;2049,18683788222;2071,99442952029;2020,75658186626;2029,92918087726;8945151860,66
1701100800000;1701187199999;1701164520000;1701122820000;2027,51722413447;2074,95419164846;1996,81468517917;2049,33812839312;9910633037,54
1701014400000;1701100799999;1701017220000;1701086820000;2062,39084594651;2070,60611575326;1988,12042045559;2027,41729882262;10574810068,61
1700928000000;1701014399999;1700958900000;1700987820000;2084,1773786841;2094,0960313164;2038,60051533332;2063,28624062833;8054814153,5
1700841600000;1700927999999;1700871300000;1700883900000;2081,29616714459;2091,34265552278;2067,91732582139;2084,41307074302;5362623389,99
1700755200000;1700841599999;1700811660000;1700755860000;2062,41174383314;2132,48121709547;2060,9990947664;2081,15204273334;12141148820,16
1700668800000;1700755199999;1700704860000;1700726280000;2063,90551612977;2088,03192890845;2041,46424482714;2062,2107269666;7828437946,25
1700582400000;1700668799999;1700659740000;1700582460000;1933,58317600437;2089,5140965829;1933,16302335687;2064,4252149797;13372200584,33
1700496000000;1700582399999;1700502420000;1700582340000;2022,21732014646;2035,03585990949;1937,06680293718;1937,06680293718;13653500841,08
1700409600000;1700495999999;1700474220000;1700430540000;2011,85333759771;2066,40996894808;1996,04427118406;2022,23912789395;12866464823,5
1700323200000;1700409599999;1700409120000;1700331600000;1963,18001816826;2015,63396507647;1944,90083583088;2013,20444726995;7716048817,89
1700236800000;1700323199999;1700300040000;1700262420000;1961,6712561739;1971,46223550045;1921,06236599231;1963,28501304442;8064677045,96
1700150400000;1700236799999;1700159460000;1700210340000;1961,86751285041;1990,05052389393;1910,4454144223;1961,28072053917;11881648738,41
1700064000000;1700150399999;1700106180000;1700134800000;2059,96577439223;2088,6622388654;1940,57417643357;1960,88155230988;14651619482,71
1699977600000;1700063999999;1700051340000;1699987500000;1979,47264601797;2061,99169472656;1968,77467891349;2060,40840211822;12626326991,41
1699891200000;1699977599999;1699921020000;1699959240000;2054,7652690643;2065,06697660738;1939,28035256059;1979,05267190141;13087862494,64
1699113600000;1699199999999;1699177560000;1699116780000;1857,39557766845;1911,60863581857;1848,62013363788;1894,15768422613;8867152644,56
1699027200000;1699113599999;1699110480000;1699032480000;1833,36884366903;1867,26140177171;1825,73659212753;1857,6985957472;4845080426,86
1698768000000;1698854399999;1698843900000;1698821820000;1815,87207438793;1858,31289027342;1786,40954451199;1847,08974630339;10628825648,39
1698681600000;1698767999999;1698684240000;1698736680000;1810,1316121833;1819,9725979062;1784,56761890336;1816,45893176684;6477922746,76
1698595200000;1698681599999;1698645900000;1698617460000;1795,58911190038;1829,24953464309;1779,36454061978;1810,08856847453;7534051037,71
1698508800000;1698595199999;1698591000000;1698513840000;1776,56391036888;1810,48859994521;1766,05301668717;1795,54596255339;4358528382,35
1698422400000;1698508799999;1698463320000;1698505620000;1780,08422049373;1800,60534450248;1773,43659911392;1776,61817557227;4226112730,81
1698336000000;1698422399999;1698336180000;1698402720000;1803,79489390186;1804,13591325484;1751,44001895506;1780,04534644831;7493399771,11
1698249600000;1698335999999;1698278640000;1698310800000;1787,48193748884;1865,09526162105;1764,01308918838;1804,03930040039;11196672634,73
1698163200000;1698249599999;1698221820000;1698192900000;1784,90503155116;1814,48479184175;1762,14709631554;1787,39762418932;9439066475,4
1698076800000;1698163199999;1698120300000;1698143160000;1766,01460605384;1852,68438892473;1758,69006084419;1784,43746048575;15888690475,47
1697990400000;1698076799999;1698073260000;1698025680000;1674,84921055416;1794,07049357288;1663,44804360946;1765,38264292073;14362295878,75
1697904000000;1697990399999;1697986800000;1697958420000;1629,29777311753;1667,66666955901;1623,98473734765;1663,42994494414;5248406816,54
1697817600000;1697903999999;1697882520000;1697829300000;1604,82222054179;1641,24177134691;1593,44804171766;1629,30447673698;4212179633,61
1697731200000;1697817599999;1697768640000;1697735580000;1567,5709513086;1628,60906256171;1562,302852509;1604,66686650666;6747486126,56
1697644800000;1697731199999;1697704020000;1697677680000;1563,95807279139;1573,73768367469;1543,58510458633;1567,45707292679;5035110866,71
1697558400000;1697644799999;1697599260000;1697636340000;1565,38283741629;1584,72687398196;1556,73637550811;1563,74988381259;4354138855,49
1697472000000;1697558399999;1697472420000;1697540520000;1600,6355946204;1601,29470673427;1554,40296378982;1565,43956600077;5032686972,73
1697385600000;1697471999999;1697434380000;1697388300000;1558,3135082146;1628,15627978762;1555,98959315578;1600,53427625282;8846928525,98
1697299200000;1697385599999;1697379120000;1697301540000;1555,07609828609;1565,76082587214;1550,55456273034;1558,0697934299;2923337882,88
1697212800000;1697299199999;1697289000000;1697255340000;1552,26380936304;1560,32507481499;1545,73875794838;1555,2568092262;2429214717,6
1697126400000;1697212799999;1697202240000;1697140500000;1539,432831621;1571,75065742948;1537,92114432286;1552,08946754361;4575141510,9
1697040000000;1697126399999;1697050500000;1697101620000;1566,35601455172;1566,87811357208;1523,23756820606;1539,61243950741;5003930676,87
1696953600000;1697039999999;1696991220000;1697019060000;1567,68076009042;1578,22354655069;1548,98042096956;1566,25478586124;5416504273,18
1696867200000;1696953599999;1696894620000;1696942020000;1580,11212014983;1593,74129818136;1553,03172599304;1567,71296693952;5254966125,17
1696780800000;1696867199999;1696794300000;1696841160000;1633,45485240806;1635,44792670647;1553,00700705743;1579,8066080951;7020801715,54
1696694400000;1696780799999;1696702680000;1696737420000;1634,65735052092;1641,18239865264;1618,18926830471;1633,54857159491;3315554175,07
1696608000000;1696694399999;1696609740000;1696680060000;1645,81087477397;1648,18369872015;1631,15814806428;1634,5112732424;2578994987,75
1696521600000;1696607999999;1696599600000;1696521600000;1611,36571291111;1659,60983835538;1611,36571291111;1645,8314874748;4941208729,21
1696435200000;1696521599999;1696438140000;1696491480000;1647,78819754316;1654,37903037285;1609,8499781489;1611,47646623638;5403759057,34
1696348800000;1696435199999;1696348920000;1696402140000;1656,73599823585;1657,25355733413;1629,42663550862;1647,83809032813;5127524862,9
1696262400000;1696348799999;1696287120000;1696319700000;1662,88720607406;1670,35628924332;1644,49651264302;1656,68562380367;4742827302,24
1696176000000;1696262399999;1696207020000;1696254900000;1732,98400451715;1743,56358083837;1646,07769719609;1663,62752883641;8420552921,62
1696089600000;1696175999999;1696169880000;1696161840000;1671,16152830173;1750,59572344986;1670,08218156525;1733,81047843857;5054880179,79
1696003200000;1696089599999;1696060020000;1696010520000;1667,8344906796;1692,53116452155;1666,56387740366;1671,16181119029;3155292191,95
1695916800000;1696003199999;1695945360000;1695929340000;1652,99987835819;1687,28125040424;1648,65651647559;1667,94383292253;5529687536,86
1695830400000;1695916799999;1695889860000;1695830700000;1597,67200774207;1666,02413879469;1597,29472794348;1652,88274565444;6658092167,71
1695744000000;1695830399999;1695786840000;1695809280000;1593,10825490591;1631,91078212365;1585,36885421909;1597,49122620359;5533036096,01
1695657600000;1695743999999;1695692820000;1695714480000;1588,02316830363;1598,09781794693;1580,16554048748;1593,41719310271;3544861159,98
1695571200000;1695657599999;1695630000000;1695615720000;1580,74747210191;1595,84411203089;1565,02555674762;1588,32286779163;4394930983,8
1695484800000;1695571199999;1695549300000;1695569340000;1593,82569894187;1600,20726220209;1576,78333266813;1580,85336216806;3086456943,7
1695312000000;1695398399999;1695341700000;1695313680000;1584,00257766931;1601,5377511663;1579,10136592332;1593,26833045738;3460791634,47
1694880000000;1694966399999;1694918880000;1694959860000;1635,20109628965;1635,51297859944;1616,77931786351;1622,89675258044;3032716258,02
1694793600000;1694879999999;1694802120000;1694829900000;1641,44645662112;1649,98865915419;1632,57784395365;1635,22171169643;2819575928,52
1694707200000;1694793599999;1694790180000;1694760480000;1626,87012819311;1652,11316193098;1613,24867377964;1641,64034416779;4348584770,57
1694620800000;1694707199999;1694674860000;1694621340000;1608,03162861207;1640,52274545265;1607,73538163875;1626,97432621635;5538958553,07
1694534400000;1694620799999;1694591220000;1694556540000;1592,8923772769;1615,0502849239;1582,21758171473;1607,98848461731;4979469106,42
1694448000000;1694534399999;1694485380000;1694450160000;1551,49780045598;1619,11398927959;1549,49372705469;1592,42943826489;6813819740,05
1694361600000;1694447999999;1694362500000;1694433720000;1616,76972338258;1618,30579083098;1533,42672905207;1551,63767179988;7693700922,84
1694275200000;1694361599999;1694275380000;1694337060000;1635,2116861658;1635,43309204848;1604,04053140263;1616,82887994908;4339499948,53
1694188800000;1694275199999;1694248380000;1694239500000;1636,05045784119;1636,87072590584;1629,66089276122;1635,16231668727;2081625742,02
1694102400000;1694188799999;1694105880000;1694138820000;1647,80762913591;1657,13633164838;1617,79654763922;1636,13784003179;4598495495,75
1694016000000;1694102399999;1694092740000;1694066460000;1632,26286788014;1657,3037264093;1623,220431095;1647,5982186154;4907290296,16
1693929600000;1694015999999;1693994160000;1693991160000;1633,91206569014;1656,93269042736;1611,14767391881;1632,2522842348;4987397046,16
1693843200000;1693929599999;1693898520000;1693855320000;1629,91106327044;1645,94836925749;1610,14121978643;1633,62934489368;4417491901,68
1693756800000;1693843199999;1693768320000;1693836120000;1635,72477627397;1642,65323032057;1618,52369746677;1629,6552264676;3887968912,14
1693670400000;1693756799999;1693746780000;1693731240000;1637,04356493736;1645,64515573033;1626,08922874116;1636,11767857659;3151878318,24
1693584000000;1693670399999;1693639620000;1693584360000;1628,55965529513;1644,03065813837;1627,97604421758;1637,02533854175;2943590995,82
1693497600000;1693583999999;1693501080000;1693561320000;1645,58132322051;1653,53170459091;1603,03422929846;1628,49119288657;6104510092,24
1693411200000;1693497599999;1693453440000;1693487340000;1705,36446565375;1720,01201025132;1634,85097277802;1645,6391241321;6593153504,5
1693324800000;1693411199999;1693325220000;1693391400000;1729,67658353823;1730,5646560905;1697,14727402178;1705,11214230411;5023904190,46
1693238400000;1693324799999;1693297680000;1693282680000;1652,27421947137;1742,63732640634;1639,57620391681;1729,72564987455;11304916728,79
1693152000000;1693238399999;1693197360000;1693185540000;1657,4398405634;1659,3287138637;1627,44680866331;1652,45743554366;4855588533,82
1693065600000;1693151999999;1693126920000;1693076220000;1646,27196384717;1659,26702895134;1645,90279765439;1657,51307269457;2624065030,72
1692979200000;1693065599999;1692991860000;1693049100000;1652,92720069731;1654,77774341007;1643,71264276876;1646,30681786014;2423247747,14
1692892800000;1692979199999;1692944220000;1692956820000;1660,26986364244;1671,97064493786;1635,96738998734;1652,93511675037;5396997822,81
1692806400000;1692892799999;1692809400000;1692869940000;1679,24830522096;1682,48970349174;1641,62705412139;1659,94462261248;5104531919,55
1692720000000;1692806399999;1692791340000;1692724440000;1634,40169328653;1696,59394597565;1629,58110576594;1679,27447148447;7191868447,94
1692633600000;1692719999999;1692636480000;1692710880000;1667,27924520063;1668,63869797842;1596,38407316148;1633,89262675985;7244623132,64
1692547200000;1692633599999;1692547260000;1692602940000;1685,02231093931;1685,08269377876;1651,95981319521;1667,26909969911;5077248383,35
1692460800000;1692547199999;1692535500000;1692486060000;1669,58774705202;1692,3287513721;1662,9015072747;1684,85205018553;4105056995,27
1692374400000;1692460799999;1692434880000;1692399840000;1660,84434876877;1693,22809151557;1654,07584310903;1669,47187073106;4871231359,97
1692288000000;1692374399999;1692289620000;1692350700000;1682,0384680315;1698,1242513962;1644,9309500003;1660,94512845708;9645084584,17
1692201600000;1692287999999;1692202440000;1692279900000;1805,56743774148;1807,71485484221;1551,7132501336;1684,93345738912;14208462071,57
1692115200000;1692201599999;1692126480000;1692189780000;1827,03642577959;1829,36116605619;1798,96670929358;1805,65900142058;4976573383,4
1692028800000;1692115199999;1692033300000;1692097740000;1844,16414411218;1845,54756138342;1816,3250919351;1826,93279780138;4483923892,5
1691942400000;1692028799999;1692003120000;1691950500000;1839,32350633516;1853,83635416552;1834,80039563456;1844,18576465793;4083364724,49
1691856000000;1691942399999;1691927640000;1691937720000;1849,05384235064;1859,91633892082;1834,80428949481;1839,28017563721;3054625661,34
1691769600000;1691855999999;1691825460000;1691791680000;1847,17194219653;1852,28100772238;1845,71919391824;1848,88988221233;2291124840,3
1691683200000;1691769599999;1691736480000;1691743500000;1850,74172278891;1855,06607905475;1839,56927337295;1847,12436215589;3353025102,3
1691596800000;1691683199999;1691647260000;1691661900000;1854,34829915035;1863,31089001069;1845,44229556129;1850,75345474515;3760304517,5
1691510400000;1691596799999;1691557260000;1691582160000;1855,77946394068;1869,73656086054;1845,4897170816;1854,29754912471;5870081832,81
1691424000000;1691510399999;1691500920000;1691431500000;1826,93099597648;1873,84722836192;1824,4300565131;1855,80732117529;5812855406,06
1691337600000;1691423999999;1691348700000;1691400780000;1827,23946849301;1842,52257559684;1804,71664569498;1826,93878935144;5837881974,42
1691251200000;1691337599999;1691259960000;1691302560000;1834,84521455859;1836,24888022092;1824,98663709725;1827,46207916895;2963395075,87
1691164800000;1691251199999;1691233080000;1691172180000;1827,79858646302;1836,46489977202;1824,80793828189;1834,98791732129;2866049749,41
1691078400000;1691164799999;1691128260000;1691153460000;1834,89046182942;1847,9121779145;1817,41381007761;1827,71294068044;4861242484,17
1690992000000;1691078399999;1691054160000;1691022420000;1838,89792843029;1856,40763627923;1825,34780522516;1835,13652553552;4710581073,79
1690905600000;1690991999999;1690911240000;1690966560000;1873,46814454474;1877,51151991783;1822,34830156169;1839,08970653685;6448512421,97
1690819200000;1690905599999;1690905480000;1690875060000;1856,19016596752;1873,02996384695;1817,92078554967;1871,79217042148;7634860635,76
1690732800000;1690819199999;1690735800000;1690808580000;1861,75521718489;1875,62944655539;1851,91537043327;1856,16233973836;4391613313,66
1690646400000;1690732799999;1690700760000;1690719180000;1880,87152092986;1884,14420898822;1851,72799435629;1861,64385526746;4003005547,05
